{
 "NMI": 50.58133306755514,
 "ARI": 24.028618898829933,
 "ACC": 32.31106243154436,
 "Precision": 40.08762322015334,
 "Recall": 63.96495071193866,
 "F1": 49.28667781172537,
 "Example Coverage": 66.81270536692223,
 "Reference K": 22.0,
 "K": 29.0,
 "# Intents": 49,
 "# Utterances": 3449,
 "# Utterances per Intent": 70.38775510204081
}