{
 "NMI": 61.16876816222483,
 "ARI": 37.9513592009762,
 "ACC": 53.02904564315353,
 "Precision": 61.32780082987552,
 "Recall": 61.2448132780083,
 "F1": 61.28627896066099,
 "Example Coverage": 82.24066390041494,
 "Reference K": 22,
 "K": 22,
 "Classification 1:1": {
  "AddDependent P": 0.6226415094339622,
  "AddDependent R": 0.6470588235294118,
  "AddDependent F1": 0.6346153846153846,
  "AddDependent Support": 51,
  "CancelAutomaticBilling P": 0.7111111111111111,
  "CancelAutomaticBilling R": 0.7441860465116279,
  "CancelAutomaticBilling F1": 0.7272727272727273,
  "CancelAutomaticBilling Support": 43,
  "CancelPlan P": 0.8846153846153846,
  "CancelPlan R": 0.9078947368421053,
  "CancelPlan F1": 0.8961038961038961,
  "CancelPlan Support": 76,
  "ChangeAddress P": 1.0,
  "ChangeAddress R": 0.9156626506024096,
  "ChangeAddress F1": 0.9559748427672956,
  "ChangeAddress Support": 83,
  "ChangePlan P": 0.2978723404255319,
  "ChangePlan R": 0.4057971014492754,
  "ChangePlan F1": 0.3435582822085889,
  "ChangePlan Support": 69,
  "ChangeSecurityQuestion P": 0.5945945945945946,
  "ChangeSecurityQuestion R": 0.88,
  "ChangeSecurityQuestion F1": 0.7096774193548386,
  "ChangeSecurityQuestion Support": 25,
  "CheckAccountBalance P": 0.03333333333333333,
  "CheckAccountBalance R": 0.030303030303030304,
  "CheckAccountBalance F1": 0.03174603174603175,
  "CheckAccountBalance Support": 33,
  "CheckPaymentStatus P": 0.0,
  "CheckPaymentStatus R": 0.0,
  "CheckPaymentStatus F1": 0.0,
  "CheckPaymentStatus Support": 23,
  "CreateAccount P": 0.8292682926829268,
  "CreateAccount R": 0.5964912280701754,
  "CreateAccount F1": 0.6938775510204082,
  "CreateAccount Support": 57,
  "EnrollInPlan P": 0.5066666666666667,
  "EnrollInPlan R": 0.2676056338028169,
  "EnrollInPlan F1": 0.35023041474654376,
  "EnrollInPlan Support": 142,
  "FileClaim P": 0.7878787878787878,
  "FileClaim R": 0.8813559322033898,
  "FileClaim F1": 0.832,
  "FileClaim Support": 59,
  "FindAgent P": 0.4358974358974359,
  "FindAgent R": 0.8947368421052632,
  "FindAgent F1": 0.5862068965517242,
  "FindAgent Support": 19,
  "GetPolicyNumber P": 0.0,
  "GetPolicyNumber R": 0.0,
  "GetPolicyNumber F1": 0.0,
  "GetPolicyNumber Support": 19,
  "GetQuote P": 0.9230769230769231,
  "GetQuote R": 0.24161073825503357,
  "GetQuote F1": 0.3829787234042553,
  "GetQuote Support": 149,
  "PayBill P": 0.6071428571428571,
  "PayBill R": 0.7183098591549296,
  "PayBill F1": 0.6580645161290323,
  "PayBill Support": 71,
  "RemoveDependent P": 0.05747126436781609,
  "RemoveDependent R": 0.16666666666666666,
  "RemoveDependent F1": 0.08547008547008546,
  "RemoveDependent Support": 30,
  "ReportAutomobileAccident P": 0.0,
  "ReportAutomobileAccident R": 0.0,
  "ReportAutomobileAccident F1": 0.0,
  "ReportAutomobileAccident Support": 15,
  "ReportBillingIssue P": 0.35555555555555557,
  "ReportBillingIssue R": 0.64,
  "ReportBillingIssue F1": 0.4571428571428572,
  "ReportBillingIssue Support": 50,
  "RequestProofOfInsurance P": 0.5540540540540541,
  "RequestProofOfInsurance R": 0.9318181818181818,
  "RequestProofOfInsurance F1": 0.6949152542372881,
  "RequestProofOfInsurance Support": 44,
  "ResetPassword P": 0.9454545454545454,
  "ResetPassword R": 0.6190476190476191,
  "ResetPassword F1": 0.7482014388489209,
  "ResetPassword Support": 84,
  "UpdateBillingFrequency P": 0.0,
  "UpdateBillingFrequency R": 0.0,
  "UpdateBillingFrequency F1": 0.0,
  "UpdateBillingFrequency Support": 25,
  "UpdatePaymentPreference P": 0.40816326530612246,
  "UpdatePaymentPreference R": 0.5263157894736842,
  "UpdatePaymentPreference F1": 0.45977011494252873,
  "UpdatePaymentPreference Support": 38,
  "Micro Averaged P": 0.5302904564315353,
  "Micro Averaged R": 0.5302904564315353,
  "Micro Averaged F1": 0.5302904564315353,
  "Micro Averaged Support": 1205
 },
 "Classification Many:1": {
  "AddDependent P": 0.6226415094339622,
  "AddDependent R": 0.6470588235294118,
  "AddDependent F1": 0.6346153846153846,
  "AddDependent Support": 51,
  "CancelAutomaticBilling P": 0.7111111111111111,
  "CancelAutomaticBilling R": 0.7441860465116279,
  "CancelAutomaticBilling F1": 0.7272727272727273,
  "CancelAutomaticBilling Support": 43,
  "CancelPlan P": 0.8846153846153846,
  "CancelPlan R": 0.9078947368421053,
  "CancelPlan F1": 0.8961038961038961,
  "CancelPlan Support": 76,
  "ChangeAddress P": 1.0,
  "ChangeAddress R": 0.9156626506024096,
  "ChangeAddress F1": 0.9559748427672956,
  "ChangeAddress Support": 83,
  "ChangePlan P": 0.0,
  "ChangePlan R": 0.0,
  "ChangePlan F1": 0.0,
  "ChangePlan Support": 69,
  "ChangeSecurityQuestion P": 0.5945945945945946,
  "ChangeSecurityQuestion R": 0.88,
  "ChangeSecurityQuestion F1": 0.7096774193548386,
  "ChangeSecurityQuestion Support": 25,
  "CheckAccountBalance P": 0.0,
  "CheckAccountBalance R": 0.0,
  "CheckAccountBalance F1": 0.0,
  "CheckAccountBalance Support": 33,
  "CheckPaymentStatus P": 0.0,
  "CheckPaymentStatus R": 0.0,
  "CheckPaymentStatus F1": 0.0,
  "CheckPaymentStatus Support": 23,
  "CreateAccount P": 0.8292682926829268,
  "CreateAccount R": 0.5964912280701754,
  "CreateAccount F1": 0.6938775510204082,
  "CreateAccount Support": 57,
  "EnrollInPlan P": 0.375,
  "EnrollInPlan R": 0.676056338028169,
  "EnrollInPlan F1": 0.4824120603015075,
  "EnrollInPlan Support": 142,
  "FileClaim P": 0.7878787878787878,
  "FileClaim R": 0.8813559322033898,
  "FileClaim F1": 0.832,
  "FileClaim Support": 59,
  "FindAgent P": 0.4358974358974359,
  "FindAgent R": 0.8947368421052632,
  "FindAgent F1": 0.5862068965517242,
  "FindAgent Support": 19,
  "GetPolicyNumber P": 0.0,
  "GetPolicyNumber R": 0.0,
  "GetPolicyNumber F1": 0.0,
  "GetPolicyNumber Support": 19,
  "GetQuote P": 0.732824427480916,
  "GetQuote R": 0.6442953020134228,
  "GetQuote F1": 0.6857142857142857,
  "GetQuote Support": 149,
  "PayBill P": 0.6071428571428571,
  "PayBill R": 0.7183098591549296,
  "PayBill F1": 0.6580645161290323,
  "PayBill Support": 71,
  "RemoveDependent P": 0.0,
  "RemoveDependent R": 0.0,
  "RemoveDependent F1": 0.0,
  "RemoveDependent Support": 30,
  "ReportAutomobileAccident P": 0.0,
  "ReportAutomobileAccident R": 0.0,
  "ReportAutomobileAccident F1": 0.0,
  "ReportAutomobileAccident Support": 15,
  "ReportBillingIssue P": 0.35555555555555557,
  "ReportBillingIssue R": 0.64,
  "ReportBillingIssue F1": 0.4571428571428572,
  "ReportBillingIssue Support": 50,
  "RequestProofOfInsurance P": 0.5540540540540541,
  "RequestProofOfInsurance R": 0.9318181818181818,
  "RequestProofOfInsurance F1": 0.6949152542372881,
  "RequestProofOfInsurance Support": 44,
  "ResetPassword P": 0.7906976744186046,
  "ResetPassword R": 0.8095238095238095,
  "ResetPassword F1": 0.8,
  "ResetPassword Support": 84,
  "UpdateBillingFrequency P": 0.0,
  "UpdateBillingFrequency R": 0.0,
  "UpdateBillingFrequency F1": 0.0,
  "UpdateBillingFrequency Support": 25,
  "UpdatePaymentPreference P": 0.40816326530612246,
  "UpdatePaymentPreference R": 0.5263157894736842,
  "UpdatePaymentPreference F1": 0.45977011494252873,
  "UpdatePaymentPreference Support": 38,
  "Micro Averaged P": 0.6132780082987552,
  "Micro Averaged R": 0.6132780082987552,
  "Micro Averaged F1": 0.6132780082987552,
  "Micro Averaged Support": 1205
 },
 "1:1 Alignment": {
  "0": "GetQuote",
  "1": "EnrollInPlan",
  "10": "GetPolicyNumber",
  "11": "FileClaim",
  "12": "ChangePlan",
  "13": "AddDependent",
  "14": "ReportBillingIssue",
  "15": "ChangeSecurityQuestion",
  "16": "CheckPaymentStatus",
  "17": "CreateAccount",
  "18": "FindAgent",
  "19": "UpdatePaymentPreference",
  "2": "PayBill",
  "20": "ResetPassword",
  "21": "CheckAccountBalance",
  "3": "CancelAutomaticBilling",
  "4": "ChangeAddress",
  "5": "CancelPlan",
  "6": "RequestProofOfInsurance",
  "7": "ReportAutomobileAccident",
  "8": "RemoveDependent",
  "9": "UpdateBillingFrequency"
 },
 "Cluster:Ref Many:1 Alignment": {
  "2": "PayBill",
  "11": "FileClaim",
  "6": "RequestProofOfInsurance",
  "1": "EnrollInPlan",
  "13": "AddDependent",