{
 "NMI": 62.33048412022464,
 "ARI": 40.68245495464891,
 "ACC": 54.6058091286307,
 "Precision": 63.73443983402489,
 "Recall": 59.41908713692946,
 "F1": 61.50115757568979,
 "Example Coverage": 90.29045643153528,
 "Reference K": 22,
 "K": 26,
 "Classification 1:1": {
  "AddDependent P": 0.8648648648648649,
  "AddDependent R": 0.6274509803921569,
  "AddDependent F1": 0.7272727272727273,
  "AddDependent Support": 51,
  "CancelAutomaticBilling P": 0.0851063829787234,
  "CancelAutomaticBilling R": 0.09302325581395349,
  "CancelAutomaticBilling F1": 0.08888888888888888,
  "CancelAutomaticBilling Support": 43,
  "CancelPlan P": 0.9104477611940298,
  "CancelPlan R": 0.8026315789473685,
  "CancelPlan F1": 0.8531468531468532,
  "CancelPlan Support": 76,
  "ChangeAddress P": 1.0,
  "ChangeAddress R": 0.8795180722891566,
  "ChangeAddress F1": 0.9358974358974359,
  "ChangeAddress Support": 83,
  "ChangePlan P": 0.6730769230769231,
  "ChangePlan R": 0.5072463768115942,
  "ChangePlan F1": 0.578512396694215,
  "ChangePlan Support": 69,
  "ChangeSecurityQuestion P": 0.7857142857142857,
  "ChangeSecurityQuestion R": 0.88,
  "ChangeSecurityQuestion F1": 0.830188679245283,
  "ChangeSecurityQuestion Support": 25,
  "CheckAccountBalance P": 0.41379310344827586,
  "CheckAccountBalance R": 0.7272727272727273,
  "CheckAccountBalance F1": 0.5274725274725275,
  "CheckAccountBalance Support": 33,
  "CheckPaymentStatus P": 0.0,
  "CheckPaymentStatus R": 0.0,
  "CheckPaymentStatus F1": 0.0,
  "CheckPaymentStatus Support": 23,
  "CreateAccount P": 0.8918918918918919,
  "CreateAccount R": 0.5789473684210527,
  "CreateAccount F1": 0.7021276595744681,
  "CreateAccount Support": 57,
  "EnrollInPlan P": 0.4307692307692308,
  "EnrollInPlan R": 0.19718309859154928,
  "EnrollInPlan F1": 0.27053140096618356,
  "EnrollInPlan Support": 142,
  "FileClaim P": 0.9761904761904762,
  "FileClaim R": 0.6949152542372882,
  "FileClaim F1": 0.8118811881188118,
  "FileClaim Support": 59,
  "FindAgent P": 0.32075471698113206,
  "FindAgent R": 0.8947368421052632,
  "FindAgent F1": 0.47222222222222215,
  "FindAgent Support": 19,
  "GetPolicyNumber P": 0.34782608695652173,
  "GetPolicyNumber R": 0.8421052631578947,
  "GetPolicyNumber F1": 0.49230769230769234,
  "GetPolicyNumber Support": 19,
  "GetQuote P": 0.5106382978723404,
  "GetQuote R": 0.1610738255033557,
  "GetQuote F1": 0.24489795918367346,
  "GetQuote Support": 149,
  "N/A P": 0.0,
  "N/A R": 0.0,
  "N/A F1": 0.0,
  "N/A Support": 0,
  "PayBill P": 0.6623376623376623,
  "PayBill R": 0.7183098591549296,
  "PayBill F1": 0.6891891891891893,
  "PayBill Support": 71,
  "RemoveDependent P": 0.8666666666666667,
  "RemoveDependent R": 0.8666666666666667,
  "RemoveDependent F1": 0.8666666666666667,
  "RemoveDependent Support": 30,
  "ReportAutomobileAccident P": 0.38235294117647056,
  "ReportAutomobileAccident R": 0.8666666666666667,
  "ReportAutomobileAccident F1": 0.5306122448979592,
  "ReportAutomobileAccident Support": 15,
  "ReportBillingIssue P": 0.47368421052631576,
  "ReportBillingIssue R": 0.54,
  "ReportBillingIssue F1": 0.5046728971962616,
  "ReportBillingIssue Support": 50,
  "RequestProofOfInsurance P": 0.8571428571428571,
  "RequestProofOfInsurance R": 0.6818181818181818,
  "RequestProofOfInsurance F1": 0.759493670886076,
  "RequestProofOfInsurance Support": 44,
  "ResetPassword P": 0.9753086419753086,
  "ResetPassword R": 0.9404761904761905,
  "ResetPassword F1": 0.9575757575757574,
  "ResetPassword Support": 84,
  "UpdateBillingFrequency P": 0.40425531914893614,
  "UpdateBillingFrequency R": 0.76,
  "UpdateBillingFrequency F1": 0.5277777777777778,
  "UpdateBillingFrequency Support": 25,
  "UpdatePaymentPreference P": 0.041666666666666664,
  "UpdatePaymentPreference R": 0.07894736842105263,
  "UpdatePaymentPreference F1": 0.05454545454545455,
  "UpdatePaymentPreference Support": 38,
  "Micro Averaged P": 0.546058091286307,
  "Micro Averaged R": 0.546058091286307,
  "Micro Averaged F1": 0.546058091286307,
  "Micro Averaged Support": 1205
 },
 "Classification Many:1": {
  "AddDependent P": 0.8648648648648649,
  "AddDependent R": 0.6274509803921569,
  "AddDependent F1": 0.7272727272727273,
  "AddDependent Support": 51,
  "CancelAutomaticBilling P": 0.49122807017543857,
  "CancelAutomaticBilling R": 0.6511627906976745,
  "CancelAutomaticBilling F1": 0.5599999999999999,
  "CancelAutomaticBilling Support": 43,
  "CancelPlan P": 0.5964912280701754,
  "CancelPlan R": 0.8947368421052632,
  "CancelPlan F1": 0.7157894736842105,
  "CancelPlan Support": 76,
  "ChangeAddress P": 1.0,
  "ChangeAddress R": 0.8795180722891566,
  "ChangeAddress F1": 0.9358974358974359,
  "ChangeAddress Support": 83,
  "ChangePlan P": 0.5789473684210527,
  "ChangePlan R": 0.6376811594202898,
  "ChangePlan F1": 0.6068965517241379,
  "ChangePlan Support": 69,
  "ChangeSecurityQuestion P": 0.7857142857142857,
  "ChangeSecurityQuestion R": 0.88,
  "ChangeSecurityQuestion F1": 0.830188679245283,
  "ChangeSecurityQuestion Support": 25,
  "CheckAccountBalance P": 0.41379310344827586,
  "CheckAccountBalance R": 0.7272727272727273,
  "CheckAccountBalance F1": 0.5274725274725275,
  "CheckAccountBalance Support": 33,
  "CheckPaymentStatus P": 0.0,
  "CheckPaymentStatus R": 0.0,
  "CheckPaymentStatus F1": 0.0,
  "CheckPaymentStatus Support": 23,
  "CreateAccount P": 0.8918918918918919,
  "CreateAccount R": 0.5789473684210527,
  "CreateAccount F1": 0.7021276595744681,
  "CreateAccount Support": 57,
  "EnrollInPlan P": 0.4583333333333333,
  "EnrollInPlan R": 0.5422535211267606,
  "EnrollInPlan F1": 0.4967741935483871,
  "EnrollInPlan Support": 142,
  "FileClaim P": 0.9761904761904762,
  "FileClaim R": 0.6949152542372882,
  "FileClaim F1": 0.8118811881188118,
  "FileClaim Support": 59,
  "FindAgent P": 0.0,
  "FindAgent R": 0.0,
  "FindAgent F1": 0.0,
  "FindAgent Support": 19,
  "GetPolicyNumber P": 0.34782608695652173,
  "GetPolicyNumber R": 0.8421052631578947,
  "GetPolicyNumber F1": 0.49230769230769234,
  "GetPolicyNumber Support": 19,
  "GetQuote P": 0.5515151515151515,
  "GetQuote R": 0.610738255033557,
  "GetQuote F1": 0.5796178343949044,
  "GetQuote Support": 149,
  "PayBill P": 0.6623376623376623,
  "PayBill R": 0.7183098591549296,
  "PayBill F1": 0.6891891891891893,
  "PayBill Support": 71,
  "RemoveDependent P": 0.8666666666666667,
  "RemoveDependent R": 0.8666666666666667,
  "RemoveDependent F1": 0.8666666666666667,
  "RemoveDependent Support": 30,
  "ReportAutomobileAccident P": 0.38235294117647056,
  "ReportAutomobileAccident R": 0.8666666666666667,
  "ReportAutomobileAccident F1": 0.5306122448979592,
  "ReportAutomobileAccident Support": 15,
  "ReportBillingIssue P": 0.0,
  "ReportBillingIssue R": 0.0,
  "ReportBillingIssue F1": 0.0,
  "ReportBillingIssue Support": 50,
  "RequestProofOfInsurance P": 0.8571428571428571,
  "RequestProofOfInsurance R": 0.6818181818181818,
  "RequestProofOfInsurance F1": 0.759493670886076,
  "RequestProofOfInsurance Support": 44,
  "ResetPassword P": 0.9753086419753086,
  "ResetPassword R": 0.9404761904761905,
  "ResetPassword F1": 0.9575757575757574,
  "ResetPassword Support": 84,
  "UpdateBillingFrequency P": 0.0,
  "UpdateBillingFrequency R": 0.0,
  "UpdateBillingFrequency F1": 0.0,
  "UpdateBillingFrequency Support": 25,
  "UpdatePaymentPreference P": 0.425531914893617,
  "UpdatePaymentPreference R": 0.5263157894736842,
  "UpdatePaymentPreference F1": 0.4705882352941176,
  "UpdatePaymentPreference Support": 38,
  "Micro Averaged P": 0.6373443983402489,
  "Micro Averaged R": 0.6373443983402489,
  "Micro Averaged F1": 0.6373443983402489,
  "Micro Averaged Support": 1205
 },
 "1:1 Alignment": {
  "1": "GetPolicyNumber",
  "10": "CreateAccount",
  "12": "ReportAutomobileAccident",
  "13": "PayBill",
  "14": "UpdatePaymentPreference",
  "15": "FileClaim",
  "16": "FindAgent",
  "17": "CheckPaymentStatus",
  "18": "GetQuote",
  "19": "EnrollInPlan",
  "21": "CheckAccountBalance",
  "22": "ReportBillingIssue",
  "23": "CancelAutomaticBilling",