ACC,ARI,NMI,SC,dataset,method,seed,train_batch_size,learning_rate,K
51.36929460580912,37.738692702259314,59.34562013416181,0.08743136,DSTC11_development,K-means,42,128,1e-05,22
49.37759336099585,34.535334500181364,58.73063245813137,0.0827513113617897,DSTC11_development,K-means,0,128,1e-05,22
47.71784232365145,32.383603444280425,55.22736136799777,0.0839671716094017,DSTC11_development,K-means,1,128,1e-05,22
50.37344398340249,34.51489703291578,58.08270957693137,0.0897781401872634,DSTC11_development,K-means,2,128,1e-05,22
52.69709543568465,37.63810045518903,60.042542863798,0.0853703171014785,DSTC11_development,K-means,3,128,1e-05,22
50.45643153526971,34.56017051603734,57.70164601403318,0.0815684497356414,DSTC11_development,K-means,4,128,1e-05,22
53.02904564315353,37.9513592009762,61.16876816222483,0.0906600356101989,DSTC11_development,K-means,5,128,1e-05,22
