{
 "NMI": 30.45928058800891,
 "ARI": 7.01539332131838,
 "ACC": 20.580912863070537,
 "Precision": 34.6058091286307,
 "Recall": 22.157676348547717,
 "F1": 27.01681589866783,
 "Example Coverage": 92.19917012448133,
 "Reference K": 22,
 "K": 50,
 "Classification 1:1": {
  "AddDependent P": 0.18181818181818182,
  "AddDependent R": 0.1568627450980392,
  "AddDependent F1": 0.16842105263157894,
  "AddDependent Support": 51,
  "CancelAutomaticBilling P": 0.6153846153846154,
  "CancelAutomaticBilling R": 0.5581395348837209,
  "CancelAutomaticBilling F1": 0.5853658536585366,
  "CancelAutomaticBilling Support": 43,
  "CancelPlan P": 0.5151515151515151,
  "CancelPlan R": 0.2236842105263158,
  "CancelPlan F1": 0.3119266055045872,
  "CancelPlan Support": 76,
  "ChangeAddress P": 1.0,
  "ChangeAddress R": 0.26506024096385544,
  "ChangeAddress F1": 0.4190476190476191,
  "ChangeAddress Support": 83,
  "ChangePlan P": 0.13978494623655913,
  "ChangePlan R": 0.18840579710144928,
  "ChangePlan F1": 0.16049382716049382,
  "ChangePlan Support": 69,
  "ChangeSecurityQuestion P": 0.19642857142857142,
  "ChangeSecurityQuestion R": 0.44,
  "ChangeSecurityQuestion F1": 0.2716049382716049,
  "ChangeSecurityQuestion Support": 25,
  "CheckAccountBalance P": 0.14705882352941177,
  "CheckAccountBalance R": 0.15151515151515152,
  "CheckAccountBalance F1": 0.14925373134328357,
  "CheckAccountBalance Support": 33,
  "CheckPaymentStatus P": 0.0847457627118644,
  "CheckPaymentStatus R": 0.21739130434782608,
  "CheckPaymentStatus F1": 0.12195121951219512,
  "CheckPaymentStatus Support": 23,
  "CreateAccount P": 0.6363636363636364,
  "CreateAccount R": 0.12280701754385964,
  "CreateAccount F1": 0.20588235294117646,
  "CreateAccount Support": 57,
  "EnrollInPlan P": 0.17567567567567569,
  "EnrollInPlan R": 0.09154929577464789,
  "EnrollInPlan F1": 0.12037037037037038,
  "EnrollInPlan Support": 142,
  "FileClaim P": 0.19444444444444445,
  "FileClaim R": 0.23728813559322035,
  "FileClaim F1": 0.21374045801526717,
  "FileClaim Support": 59,
  "FindAgent P": 0.12121212121212122,
  "FindAgent R": 0.21052631578947367,
  "FindAgent F1": 0.15384615384615385,
  "FindAgent Support": 19,
  "GetPolicyNumber P": 0.125,
  "GetPolicyNumber R": 0.21052631578947367,
  "GetPolicyNumber F1": 0.1568627450980392,
  "GetPolicyNumber Support": 19,
  "GetQuote P": 0.4,
  "GetQuote R": 0.1342281879194631,
  "GetQuote F1": 0.20100502512562815,
  "GetQuote Support": 149,
  "N/A P": 0.0,
  "N/A R": 0.0,
  "N/A F1": 0.0,
  "N/A Support": 0,
  "PayBill P": 0.7647058823529411,
  "PayBill R": 0.18309859154929578,
  "PayBill F1": 0.29545454545454547,
  "PayBill Support": 71,
  "RemoveDependent P": 0.0967741935483871,
  "RemoveDependent R": 0.1,
  "RemoveDependent F1": 0.09836065573770492,
  "RemoveDependent Support": 30,
  "ReportAutomobileAccident P": 0.875,
  "ReportAutomobileAccident R": 0.4666666666666667,
  "ReportAutomobileAccident F1": 0.608695652173913,
  "ReportAutomobileAccident Support": 15,
  "ReportBillingIssue P": 0.265625,
  "ReportBillingIssue R": 0.34,
  "ReportBillingIssue F1": 0.2982456140350877,
  "ReportBillingIssue Support": 50,
  "RequestProofOfInsurance P": 0.14285714285714285,
  "RequestProofOfInsurance R": 0.13636363636363635,
  "RequestProofOfInsurance F1": 0.1395348837209302,
  "RequestProofOfInsurance Support": 44,
  "ResetPassword P": 1.0,
  "ResetPassword R": 0.38095238095238093,
  "ResetPassword F1": 0.5517241379310345,
  "ResetPassword Support": 84,
  "UpdateBillingFrequency P": 0.06666666666666667,
  "UpdateBillingFrequency R": 0.04,
  "UpdateBillingFrequency F1": 0.05,
  "UpdateBillingFrequency Support": 25,
  "UpdatePaymentPreference P": 1.0,
  "UpdatePaymentPreference R": 0.05263157894736842,
  "UpdatePaymentPreference F1": 0.1,
  "UpdatePaymentPreference Support": 38,
  "Micro Averaged P": 0.20580912863070538,
  "Micro Averaged R": 0.20580912863070538,
  "Micro Averaged F1": 0.2058091286307054,
  "Micro Averaged Support": 1205
 },
 "Classification Many:1": {
  "AddDependent P": 0.21739130434782608,
  "AddDependent R": 0.29411764705882354,
  "AddDependent F1": 0.25,
  "AddDependent Support": 51,
  "CancelAutomaticBilling P": 0.625,
  "CancelAutomaticBilling R": 0.5813953488372093,
  "CancelAutomaticBilling F1": 0.6024096385542168,
  "CancelAutomaticBilling Support": 43,
  "CancelPlan P": 0.4,
  "CancelPlan R": 0.3684210526315789,
  "CancelPlan F1": 0.3835616438356164,
  "CancelPlan Support": 76,
  "ChangeAddress P": 0.6440677966101694,
  "ChangeAddress R": 0.4578313253012048,
  "ChangeAddress F1": 0.5352112676056338,
  "ChangeAddress Support": 83,
  "ChangePlan P": 0.189873417721519,
  "ChangePlan R": 0.43478260869565216,
  "ChangePlan F1": 0.2643171806167401,
  "ChangePlan Support": 69,
  "ChangeSecurityQuestion P": 0.19642857142857142,
  "ChangeSecurityQuestion R": 0.44,
  "ChangeSecurityQuestion F1": 0.2716049382716049,
  "ChangeSecurityQuestion Support": 25,
  "CheckAccountBalance P": 0.0,
  "CheckAccountBalance R": 0.0,
  "CheckAccountBalance F1": 0.0,
  "CheckAccountBalance Support": 33,
  "CheckPaymentStatus P": 0.0,
  "CheckPaymentStatus R": 0.0,
  "CheckPaymentStatus F1": 0.0,
  "CheckPaymentStatus Support": 23,
  "CreateAccount P": 0.5217391304347826,
  "CreateAccount R": 0.21052631578947367,
  "CreateAccount F1": 0.3,
  "CreateAccount Support": 57,
  "EnrollInPlan P": 0.2235294117647059,
  "EnrollInPlan R": 0.2676056338028169,
  "EnrollInPlan F1": 0.24358974358974358,
  "EnrollInPlan Support": 142,
  "FileClaim P": 0.19444444444444445,
  "FileClaim R": 0.23728813559322035,
  "FileClaim F1": 0.21374045801526717,
  "FileClaim Support": 59,
  "FindAgent P": 0.0,
  "FindAgent R": 0.0,
  "FindAgent F1": 0.0,
  "FindAgent Support": 19,
  "GetPolicyNumber P": 0.0,
  "GetPolicyNumber R": 0.0,
  "GetPolicyNumber F1": 0.0,
  "GetPolicyNumber Support": 19,
  "GetQuote P": 0.3895582329317269,
  "GetQuote R": 0.6510067114093959,
  "GetQuote F1": 0.4874371859296482,
  "GetQuote Support": 149,
  "PayBill P": 0.7777777777777778,
  "PayBill R": 0.19718309859154928,
  "PayBill F1": 0.3146067415730337,
  "PayBill Support": 71,
  "RemoveDependent P": 0.3333333333333333,
  "RemoveDependent R": 0.06666666666666667,
  "RemoveDependent F1": 0.1111111111111111,
  "RemoveDependent Support": 30,
  "ReportAutomobileAccident P": 0.875,
  "ReportAutomobileAccident R": 0.4666666666666667,
  "ReportAutomobileAccident F1": 0.608695652173913,
  "ReportAutomobileAccident Support": 15,
  "ReportBillingIssue P": 0.265625,
  "ReportBillingIssue R": 0.34,
  "ReportBillingIssue F1": 0.2982456140350877,
  "ReportBillingIssue Support": 50,
  "RequestProofOfInsurance P": 0.5,
  "RequestProofOfInsurance R": 0.022727272727272728,
  "RequestProofOfInsurance F1": 0.04347826086956522,
  "RequestProofOfInsurance Support": 44,
  "ResetPassword P": 0.47058823529411764,
  "ResetPassword R": 0.7619047619047619,
  "ResetPassword F1": 0.5818181818181817,
  "ResetPassword Support": 84,
  "UpdateBillingFrequency P": 1.0,
  "UpdateBillingFrequency R": 0.04,
  "UpdateBillingFrequency F1": 0.07692307692307693,
  "UpdateBillingFrequency Support": 25,
  "UpdatePaymentPreference P": 0.75,
  "UpdatePaymentPreference R": 0.07894736842105263,
  "UpdatePaymentPreference F1": 0.14285714285714285,
  "UpdatePaymentPreference Support": 38,
  "Micro Averaged P": 0.34605809128630705,
  "Micro Averaged R": 0.34605809128630705,
  "Micro Averaged F1": 0.34605809128630705,
  "Micro Averaged Support": 1205
 },
 "1:1 Alignment": {
  "0": "UpdatePaymentPreference",
  "1": "CancelAutomaticBilling",
  "12": "EnrollInPlan",
  "13": "GetQuote",
  "16": "UpdateBillingFrequency",
  "18": "RemoveDependent",
  "2": "ChangeAddress",
  "20": "FileClaim",
  "21": "ResetPassword",
  "22": "ChangePlan",
  "24": "PayBill",
  "3": "RequestProofOfInsurance",
  "31": "FindAgent",
  "33": "ChangeSecurityQuestion",
  "34": "AddDependent",
  "36": "CreateAccount",
  "38": "CheckAccountBalance",
  "40": "CancelPlan",
  "41": "ReportAutomobileAccident",