{
 "NMI": 59.31537714800075,
 "ARI": 32.32357444556142,
 "ACC": 46.14107883817427,
 "Precision": 65.97510373443983,
 "Recall": 47.05394190871369,
 "F1": 54.9308132414499,
 "Example Coverage": 96.51452282157676,
 "Reference K": 22,
 "K": 42,
 "Classification 1:1": {
  "AddDependent P": 0.6382978723404256,
  "AddDependent R": 0.5882352941176471,
  "AddDependent F1": 0.6122448979591838,
  "AddDependent Support": 51,
  "CancelAutomaticBilling P": 0.7777777777777778,
  "CancelAutomaticBilling R": 0.6511627906976745,
  "CancelAutomaticBilling F1": 0.7088607594936709,
  "CancelAutomaticBilling Support": 43,
  "CancelPlan P": 0.9259259259259259,
  "CancelPlan R": 0.6578947368421053,
  "CancelPlan F1": 0.7692307692307692,
  "CancelPlan Support": 76,
  "ChangeAddress P": 1.0,
  "ChangeAddress R": 0.9036144578313253,
  "ChangeAddress F1": 0.9493670886075949,
  "ChangeAddress Support": 83,
  "ChangePlan P": 0.7096774193548387,
  "ChangePlan R": 0.3188405797101449,
  "ChangePlan F1": 0.44000000000000006,
  "ChangePlan Support": 69,
  "ChangeSecurityQuestion P": 0.84,
  "ChangeSecurityQuestion R": 0.84,
  "ChangeSecurityQuestion F1": 0.8399999999999999,
  "ChangeSecurityQuestion Support": 25,
  "CheckAccountBalance P": 0.625,
  "CheckAccountBalance R": 0.6060606060606061,
  "CheckAccountBalance F1": 0.6153846153846154,
  "CheckAccountBalance Support": 33,
  "CheckPaymentStatus P": 0.2857142857142857,
  "CheckPaymentStatus R": 0.43478260869565216,
  "CheckPaymentStatus F1": 0.3448275862068965,
  "CheckPaymentStatus Support": 23,
  "CreateAccount P": 0.8571428571428571,
  "CreateAccount R": 0.5263157894736842,
  "CreateAccount F1": 0.6521739130434783,
  "CreateAccount Support": 57,
  "EnrollInPlan P": 0.75,
  "EnrollInPlan R": 0.16901408450704225,
  "EnrollInPlan F1": 0.27586206896551724,
  "EnrollInPlan Support": 142,
  "FileClaim P": 0.9583333333333334,
  "FileClaim R": 0.3898305084745763,
  "FileClaim F1": 0.5542168674698795,
  "FileClaim Support": 59,
  "FindAgent P": 0.37777777777777777,
  "FindAgent R": 0.8947368421052632,
  "FindAgent F1": 0.53125,
  "FindAgent Support": 19,
  "GetPolicyNumber P": 0.5517241379310345,
  "GetPolicyNumber R": 0.8421052631578947,
  "GetPolicyNumber F1": 0.6666666666666666,
  "GetPolicyNumber Support": 19,
  "GetQuote P": 0.5227272727272727,
  "GetQuote R": 0.15436241610738255,
  "GetQuote F1": 0.23834196891191708,
  "GetQuote Support": 149,
  "N/A P": 0.0,
  "N/A R": 0.0,
  "N/A F1": 0.0,
  "N/A Support": 0,
  "PayBill P": 0.8846153846153846,
  "PayBill R": 0.323943661971831,
  "PayBill F1": 0.4742268041237113,
  "PayBill Support": 71,
  "RemoveDependent P": 0.2222222222222222,
  "RemoveDependent R": 0.13333333333333333,
  "RemoveDependent F1": 0.16666666666666669,
  "RemoveDependent Support": 30,
  "ReportAutomobileAccident P": 0.7058823529411765,
  "ReportAutomobileAccident R": 0.8,
  "ReportAutomobileAccident F1": 0.7500000000000001,
  "ReportAutomobileAccident Support": 15,
  "ReportBillingIssue P": 0.8333333333333334,
  "ReportBillingIssue R": 0.6,
  "ReportBillingIssue F1": 0.6976744186046512,
  "ReportBillingIssue Support": 50,
  "RequestProofOfInsurance P": 0.8,
  "RequestProofOfInsurance R": 0.5454545454545454,
  "RequestProofOfInsurance F1": 0.6486486486486486,
  "RequestProofOfInsurance Support": 44,
  "ResetPassword P": 0.9333333333333333,
  "ResetPassword R": 0.5,
  "ResetPassword F1": 0.6511627906976745,
  "ResetPassword Support": 84,
  "UpdateBillingFrequency P": 0.75,
  "UpdateBillingFrequency R": 0.6,
  "UpdateBillingFrequency F1": 0.6666666666666665,
  "UpdateBillingFrequency Support": 25,
  "UpdatePaymentPreference P": 0.7083333333333334,
  "UpdatePaymentPreference R": 0.4473684210526316,
  "UpdatePaymentPreference F1": 0.5483870967741936,
  "UpdatePaymentPreference Support": 38,
  "Micro Averaged P": 0.46141078838174276,
  "Micro Averaged R": 0.46141078838174276,
  "Micro Averaged F1": 0.46141078838174276,
  "Micro Averaged Support": 1205
 },
 "Classification Many:1": {
  "AddDependent P": 0.6382978723404256,
  "AddDependent R": 0.5882352941176471,
  "AddDependent F1": 0.6122448979591838,
  "AddDependent Support": 51,
  "CancelAutomaticBilling P": 0.7777777777777778,
  "CancelAutomaticBilling R": 0.6511627906976745,
  "CancelAutomaticBilling F1": 0.7088607594936709,
  "CancelAutomaticBilling Support": 43,
  "CancelPlan P": 0.5545454545454546,
  "CancelPlan R": 0.8026315789473685,
  "CancelPlan F1": 0.6559139784946236,
  "CancelPlan Support": 76,
  "ChangeAddress P": 1.0,
  "ChangeAddress R": 0.9036144578313253,
  "ChangeAddress F1": 0.9493670886075949,
  "ChangeAddress Support": 83,
  "ChangePlan P": 0.5753424657534246,
  "ChangePlan R": 0.6086956521739131,
  "ChangePlan F1": 0.5915492957746479,
  "ChangePlan Support": 69,
  "ChangeSecurityQuestion P": 0.84,
  "ChangeSecurityQuestion R": 0.84,
  "ChangeSecurityQuestion F1": 0.8399999999999999,
  "ChangeSecurityQuestion Support": 25,
  "CheckAccountBalance P": 0.625,
  "CheckAccountBalance R": 0.6060606060606061,
  "CheckAccountBalance F1": 0.6153846153846154,
  "CheckAccountBalance Support": 33,
  "CheckPaymentStatus P": 0.0,
  "CheckPaymentStatus R": 0.0,
  "CheckPaymentStatus F1": 0.0,
  "CheckPaymentStatus Support": 23,
  "CreateAccount P": 0.8571428571428571,
  "CreateAccount R": 0.5263157894736842,
  "CreateAccount F1": 0.6521739130434783,
  "CreateAccount Support": 57,
  "EnrollInPlan P": 0.47305389221556887,
  "EnrollInPlan R": 0.5563380281690141,
  "EnrollInPlan F1": 0.511326860841424,
  "EnrollInPlan Support": 142,
  "FileClaim P": 0.9782608695652174,
  "FileClaim R": 0.7627118644067796,
  "FileClaim F1": 0.857142857142857,
  "FileClaim Support": 59,
  "FindAgent P": 0.0,
  "FindAgent R": 0.0,
  "FindAgent F1": 0.0,
  "FindAgent Support": 19,
  "GetPolicyNumber P": 0.5517241379310345,
  "GetPolicyNumber R": 0.8421052631578947,
  "GetPolicyNumber F1": 0.6666666666666666,
  "GetPolicyNumber Support": 19,
  "GetQuote P": 0.529126213592233,
  "GetQuote R": 0.7315436241610739,
  "GetQuote F1": 0.6140845070422536,
  "GetQuote Support": 149,
  "PayBill P": 0.6463414634146342,
  "PayBill R": 0.7464788732394366,
  "PayBill F1": 0.69281045751634,
  "PayBill Support": 71,
  "RemoveDependent P": 0.2222222222222222,
  "RemoveDependent R": 0.13333333333333333,
  "RemoveDependent F1": 0.16666666666666669,
  "RemoveDependent Support": 30,
  "ReportAutomobileAccident P": 0.7058823529411765,
  "ReportAutomobileAccident R": 0.8,
  "ReportAutomobileAccident F1": 0.7500000000000001,
  "ReportAutomobileAccident Support": 15,
  "ReportBillingIssue P": 0.8333333333333334,
  "ReportBillingIssue R": 0.6,
  "ReportBillingIssue F1": 0.6976744186046512,
  "ReportBillingIssue Support": 50,
  "RequestProofOfInsurance P": 0.8,
  "RequestProofOfInsurance R": 0.5454545454545454,
  "RequestProofOfInsurance F1": 0.6486486486486486,
  "RequestProofOfInsurance Support": 44,
  "ResetPassword P": 0.963855421686747,
  "ResetPassword R": 0.9523809523809523,
  "ResetPassword F1": 0.9580838323353292,
  "ResetPassword Support": 84,
  "UpdateBillingFrequency P": 0.75,
  "UpdateBillingFrequency R": 0.6,
  "UpdateBillingFrequency F1": 0.6666666666666665,
  "UpdateBillingFrequency Support": 25,
  "UpdatePaymentPreference P": 0.5526315789473685,
  "UpdatePaymentPreference R": 0.5526315789473685,
  "UpdatePaymentPreference F1": 0.5526315789473685,
  "UpdatePaymentPreference Support": 38,
  "Micro Averaged P": 0.6597510373443983,
  "Micro Averaged R": 0.6597510373443983,
  "Micro Averaged F1": 0.6597510373443983,
  "Micro Averaged Support": 1205
 },
 "1:1 Alignment": {
  "10": "ChangeAddress",
  "11": "ReportBillingIssue",
  "13": "RequestProofOfInsurance",
  "18": "ResetPassword",
  "19": "UpdateBillingFrequency",
  "2": "ChangePlan",
  "20": "GetQuote",
  "21": "ReportAutomobileAccident",
  "22": "PayBill",
  "24": "GetPolicyNumber",
  "25": "AddDependent",
  "26": "ChangeSecurityQuestion",
  "29": "RemoveDependent",
  "3": "UpdatePaymentPreference",
  "33": "CheckAccountBalance",