{
 "1:1 Alignment": {
  "10": "RequestProofOfInsurance",
  "11": "CheckAccountBalance",
  "13": "RemoveDependent",
  "14": "ReportBillingIssue",
  "15": "ChangePlan",
  "17": "CancelAutomaticBilling",
  "18": "ChangeSecurityQuestion",
  "19": "CheckPaymentStatus",
  "21": "GetQuote",
  "22": "UpdatePaymentPreference",
  "23": "PayBill",
  "25": "ResetPassword",
  "27": "CreateAccount",
  "31": "ReportAutomobileAccident",
  "35": "FileClaim",
  "37": "CancelPlan",
  "4": "UpdateBillingFrequency",
  "42": "EnrollInPlan",
  "43": "AddDependent",
  "44": "GetPolicyNumber",
  "45": "FindAgent",
  "48": "ChangeAddress"
 },
 "ACC": 32.31106243154436,
 "ARI": 24.028618898829933,
 "Classification 1:1": {
  "AddDependent F1": 0.2692307692307693,
  "AddDependent P": 0.3684210526315789,
  "AddDependent R": 0.21212121212121213,
  "AddDependent Support": 33,
  "CancelAutomaticBilling F1": 0.32044198895027626,
  "CancelAutomaticBilling P": 0.19333333333333333,
  "CancelAutomaticBilling R": 0.9354838709677419,
  "CancelAutomaticBilling Support": 31,
  "CancelPlan F1": 0.39416058394160586,
  "CancelPlan P": 0.25,
  "CancelPlan R": 0.9310344827586207,
  "CancelPlan Support": 29,
  "ChangeAddress F1": 0.4545454545454545,
  "ChangeAddress P": 0.42857142857142855,
  "ChangeAddress R": 0.4838709677419355,
  "ChangeAddress Support": 31,
  "ChangePlan F1": 0.0,
  "ChangePlan P": 0.0,
  "ChangePlan R": 0.0,
  "ChangePlan Support": 29,
  "ChangeSecurityQuestion F1": 0.0,
  "ChangeSecurityQuestion P": 0.0,
  "ChangeSecurityQuestion R": 0.0,
  "ChangeSecurityQuestion Support": 29,
  "CheckAccountBalance F1": 0.06666666666666667,
  "CheckAccountBalance P": 1.0,
  "CheckAccountBalance R": 0.034482758620689655,
  "CheckAccountBalance Support": 29,
  "CheckPaymentStatus F1": 0.1714285714285714,
  "CheckPaymentStatus P": 0.75,
  "CheckPaymentStatus R": 0.0967741935483871,
  "CheckPaymentStatus Support": 31,
  "CreateAccount F1": 0.30985915492957744,
  "CreateAccount P": 0.19642857142857142,
  "CreateAccount R": 0.7333333333333333,
  "CreateAccount Support": 30,
  "EnrollInPlan F1": 0.03278688524590164,
  "EnrollInPlan P": 0.034482758620689655,
  "EnrollInPlan R": 0.03125,
  "EnrollInPlan Support": 32,
  "FileClaim F1": 0.20833333333333334,
  "FileClaim P": 0.75,
  "FileClaim R": 0.12096774193548387,
  "FileClaim Support": 124,
  "FindAgent F1": 0.0625,
  "FindAgent P": 0.3333333333333333,
  "FindAgent R": 0.034482758620689655,
  "FindAgent Support": 29,
  "GetPolicyNumber F1": 0.3578947368421053,
  "GetPolicyNumber P": 0.26153846153846155,
  "GetPolicyNumber R": 0.5666666666666667,
  "GetPolicyNumber Support": 30,
  "GetQuote F1": 0.5714285714285713,
  "GetQuote P": 0.5086206896551724,
  "GetQuote R": 0.6519337016574586,
  "GetQuote Support": 181,
  "Micro Averaged F1": 0.3231106243154436,
  "Micro Averaged P": 0.3231106243154436,
  "Micro Averaged R": 0.3231106243154436,
  "Micro Averaged Support": 913,
  "N/A F1": 0.0,
  "N/A P": 0.0,
  "N/A R": 0.0,
  "N/A Support": 0,
  "PayBill F1": 0.13333333333333333,
  "PayBill P": 0.15384615384615385,
  "PayBill R": 0.11764705882352941,
  "PayBill Support": 34,
  "RemoveDependent F1": 0.0,
  "RemoveDependent P": 0.0,
  "RemoveDependent R": 0.0,
  "RemoveDependent Support": 31,
  "ReportAutomobileAccident F1": 0.21621621621621623,
  "ReportAutomobileAccident P": 0.4444444444444444,
  "ReportAutomobileAccident R": 0.14285714285714285,
  "ReportAutomobileAccident Support": 28,
  "ReportBillingIssue F1": 0.05555555555555555,
  "ReportBillingIssue P": 0.25,
  "ReportBillingIssue R": 0.03125,
  "ReportBillingIssue Support": 32,
  "RequestProofOfInsurance F1": 0.0,
  "RequestProofOfInsurance P": 0.0,
  "RequestProofOfInsurance R": 0.0,
  "RequestProofOfInsurance Support": 31,
  "ResetPassword F1": 0.8115942028985508,
  "ResetPassword P": 0.7,
  "ResetPassword R": 0.9655172413793104,
  "ResetPassword Support": 29,
  "UpdateBillingFrequency F1": 0.10256410256410257,
  "UpdateBillingFrequency P": 0.2,
  "UpdateBillingFrequency R": 0.06896551724137931,
  "UpdateBillingFrequency Support": 29,
  "UpdatePaymentPreference F1": 0.0,
  "UpdatePaymentPreference P": 0.0,
  "UpdatePaymentPreference R": 0.0,
  "UpdatePaymentPreference Support": 31
 },
 "Classification Many:1": {
  "AddDependent F1": 0.2692307692307693,
  "AddDependent P": 0.3684210526315789,
  "AddDependent R": 0.21212121212121213,
  "AddDependent Support": 33,
  "CancelAutomaticBilling F1": 0.0,
  "CancelAutomaticBilling P": 0.0,
  "CancelAutomaticBilling R": 0.0,
  "CancelAutomaticBilling Support": 31,
  "CancelPlan F1": 0.39416058394160586,
  "CancelPlan P": 0.25,
  "CancelPlan R": 0.9310344827586207,
  "CancelPlan Support": 29,
  "ChangeAddress F1": 0.4545454545454545,
  "ChangeAddress P": 0.42857142857142855,
  "ChangeAddress R": 0.4838709677419355,
  "ChangeAddress Support": 31,
  "ChangePlan F1": 0.0,
  "ChangePlan P": 0.0,
  "ChangePlan R": 0.0,
  "ChangePlan Support": 29,
  "ChangeSecurityQuestion F1": 0.0,
  "ChangeSecurityQuestion P": 0.0,
  "ChangeSecurityQuestion R": 0.0,
  "ChangeSecurityQuestion Support": 29,
  "CheckAccountBalance F1": 0.06666666666666667,
  "CheckAccountBalance P": 1.0,
  "CheckAccountBalance R": 0.034482758620689655,
  "CheckAccountBalance Support": 29,
  "CheckPaymentStatus F1": 0.27027027027027023,
  "CheckPaymentStatus P": 0.8333333333333334,
  "CheckPaymentStatus R": 0.16129032258064516,
  "CheckPaymentStatus Support": 31,
  "CreateAccount F1": 0.3333333333333333,
  "CreateAccount P": 0.21052631578947367,
  "CreateAccount R": 0.8,
  "CreateAccount Support": 30,
  "EnrollInPlan F1": 0.0,
  "EnrollInPlan P": 0.0,
  "EnrollInPlan R": 0.0,
  "EnrollInPlan Support": 32,
  "FileClaim F1": 0.4615384615384615,
  "FileClaim P": 0.7241379310344828,
  "FileClaim R": 0.3387096774193548,
  "FileClaim Support": 124,
  "FindAgent F1": 0.0,
  "FindAgent P": 0.0,
  "FindAgent R": 0.0,
  "FindAgent Support": 29,
  "GetPolicyNumber F1": 0.0,
  "GetPolicyNumber P": 0.0,
  "GetPolicyNumber R": 0.0,
  "GetPolicyNumber Support": 30,
  "GetQuote F1": 0.6516853932584269,
  "GetQuote P": 0.49291784702549574,
  "GetQuote R": 0.9613259668508287,
  "GetQuote Support": 181,
  "Micro Averaged F1": 0.4008762322015334,
  "Micro Averaged P": 0.4008762322015334,
  "Micro Averaged R": 0.4008762322015334,
  "Micro Averaged Support": 913,
  "PayBill F1": 0.2916666666666667,
  "PayBill P": 0.5,
  "PayBill R": 0.20588235294117646,
  "PayBill Support": 34,
  "RemoveDependent F1": 0.0,
  "RemoveDependent P": 0.0,
  "RemoveDependent R": 0.0,
  "RemoveDependent Support": 31,
  "ReportAutomobileAccident F1": 0.2857142857142857,
  "ReportAutomobileAccident P": 0.42857142857142855,
  "ReportAutomobileAccident R": 0.21428571428571427,
  "ReportAutomobileAccident Support": 28,
  "ReportBillingIssue F1": 0.0,
  "ReportBillingIssue P": 0.0,
  "ReportBillingIssue R": 0.0,
  "ReportBillingIssue Support": 32,
  "RequestProofOfInsurance F1": 0.0,
  "RequestProofOfInsurance P": 0.0,
  "RequestProofOfInsurance R": 0.0,
  "RequestProofOfInsurance Support": 31,
  "ResetPassword F1": 0.8285714285714285,
  "ResetPassword P": 0.7073170731707317,
  "ResetPassword R": 1.0,
  "ResetPassword Support": 29,
  "UpdateBillingFrequency F1": 0.0,
  "UpdateBillingFrequency P": 0.0,
  "UpdateBillingFrequency R": 0.0,
  "UpdateBillingFrequency Support": 29,
  "UpdatePaymentPreference F1": 0.32044198895027626,
  "UpdatePaymentPreference P": 0.19333333333333333,
  "UpdatePaymentPreference R": 0.9354838709677419,
  "UpdatePaymentPreference Support": 31
 },
 "Cluster:Ref Many:1 Alignment": {
  "10": "GetQuote",
  "11": "CheckAccountBalance",
  "13": "FileClaim",
  "14": "PayBill",
  "15": "ResetPassword",
  "17": "UpdatePaymentPreference",
  "18": "CheckPaymentStatus",
  "19": "CheckPaymentStatus",
  "21": "GetQuote",
  "22": "CheckPaymentStatus",
  "23": "GetQuote",
  "24": "FileClaim",
  "25": "ResetPassword",
  "27": "CreateAccount",
  "28": "ReportAutomobileAccident",
  "31": "ReportAutomobileAccident",
  "35": "FileClaim",